current_team,logo
Abilene Christian,https://a.espncdn.com/combiner/i?img=/i/teamlogos/ncaa/500/2000.png&h=200&w=200
Air Force,http://a.espncdn.com/i/teamlogos/ncaa/500/2005.png
Akron,http://a.espncdn.com/i/teamlogos/ncaa/500/2006.png
Alabama,http://a.espncdn.com/i/teamlogos/ncaa/500/333.png
Alabama A&M,https://a.espncdn.com/combiner/i?img=/i/teamlogos/ncaa/500/2010.png&h=200&w=200
Alabama St.,https://a.espncdn.com/combiner/i?img=/i/teamlogos/ncaa/500/2011.png&h=200&w=200
Albany,https://a.espncdn.com/combiner/i?img=/i/teamlogos/ncaa/500/399.png&h=200&w=200
Alcorn St.,https://a.espncdn.com/combiner/i?img=/i/teamlogos/ncaa/500/2016.png&h=200&w=200
American,https://a.espncdn.com/combiner/i?img=/i/teamlogos/ncaa/500/44.png&h=200&w=200
Appalachian St.,http://a.espncdn.com/i/teamlogos/ncaa/500/2026.png
Arizona,http://a.espncdn.com/i/teamlogos/ncaa/500/12.png
Arizona St.,http://a.espncdn.com/i/teamlogos/ncaa/500/9.png
Arkansas,http://a.espncdn.com/i/teamlogos/ncaa/500/8.png
Arkansas Pine Bluff,https://a.espncdn.com/combiner/i?img=/i/teamlogos/ncaa/500/2029.png&h=200&w=200
Arkansas St.,http://a.espncdn.com/i/teamlogos/ncaa/500/2032.png
Army,http://a.espncdn.com/i/teamlogos/ncaa/500/349.png
Auburn,http://a.espncdn.com/i/teamlogos/ncaa/500/2.png
Austin Peay,https://a.espncdn.com/combiner/i?img=/i/teamlogos/ncaa/500/2046.png&h=200&w=200
Ball St.,http://a.espncdn.com/i/teamlogos/ncaa/500/2050.png
Baylor,http://a.espncdn.com/i/teamlogos/ncaa/500/239.png
Bellarmine,https://a.espncdn.com/combiner/i?img=/i/teamlogos/ncaa/500/91.png&h=200&w=200
Belmont,https://a.espncdn.com/combiner/i?img=/i/teamlogos/ncaa/500/2057.png&h=200&w=200
Bethune Cookman,https://a.espncdn.com/combiner/i?img=/i/teamlogos/ncaa/500/2065.png&h=200&w=200
Binghamton,https://a.espncdn.com/combiner/i?img=/i/teamlogos/ncaa/500/2066.png&h=200&w=200
Boise St.,http://a.espncdn.com/i/teamlogos/ncaa/500/68.png
Boston College,http://a.espncdn.com/i/teamlogos/ncaa/500/103.png
Boston University,https://a.espncdn.com/combiner/i?img=/i/teamlogos/ncaa/500/104.png&h=200&w=200
Bowling Green,http://a.espncdn.com/i/teamlogos/ncaa/500/189.png
Bradley,https://a.espncdn.com/combiner/i?img=/i/teamlogos/ncaa/500/71.png&h=200&w=200
Brown,https://a.espncdn.com/combiner/i?img=/i/teamlogos/ncaa/500/225.png&h=200&w=200
Bryant,https://a.espncdn.com/combiner/i?img=/i/teamlogos/ncaa/500/2803.png&h=200&w=200
Bucknell,https://a.espncdn.com/combiner/i?img=/i/teamlogos/ncaa/500/2083.png&h=200&w=200
Buffalo,http://a.espncdn.com/i/teamlogos/ncaa/500/2084.png
Butler,https://a.espncdn.com/combiner/i?img=/i/teamlogos/ncaa/500/2086.png&h=200&w=200
BYU,http://a.espncdn.com/i/teamlogos/ncaa/500/252.png
Cal Baptist,https://a.espncdn.com/combiner/i?img=/i/teamlogos/ncaa/500/2856.png&h=200&w=200
Cal Poly,https://a.espncdn.com/combiner/i?img=/i/teamlogos/ncaa/500/13.png&h=200&w=200
Cal St. Bakersfield,https://a.espncdn.com/combiner/i?img=/i/teamlogos/ncaa/500/2934.png&h=200&w=200
Cal St. Fullerton,https://a.espncdn.com/combiner/i?img=/i/teamlogos/ncaa/500/2239.png&h=200&w=200
California,http://a.espncdn.com/i/teamlogos/ncaa/500/25.png
Campbell,https://a.espncdn.com/combiner/i?img=/i/teamlogos/ncaa/500/2097.png&h=200&w=200
Canisius,https://a.espncdn.com/combiner/i?img=/i/teamlogos/ncaa/500/2099.png&h=200&w=200
Central Arkansas,https://a.espncdn.com/combiner/i?img=/i/teamlogos/ncaa/500/2110.png&h=200&w=200
Central Connecticut,https://a.espncdn.com/combiner/i?img=/i/teamlogos/ncaa/500/2115.png&h=200&w=200
Central Michigan,http://a.espncdn.com/i/teamlogos/ncaa/500/2117.png
Charleston,https://a.espncdn.com/combiner/i?img=/i/teamlogos/ncaa/500/232.png&h=200&w=200
Charleston Southern,https://a.espncdn.com/combiner/i?img=/i/teamlogos/ncaa/500/2127.png&h=200&w=200
Charlotte,http://a.espncdn.com/i/teamlogos/ncaa/500/2429.png
Chattanooga,https://a.espncdn.com/combiner/i?img=/i/teamlogos/ncaa/500/236.png&h=200&w=200
Chicago St.,https://a.espncdn.com/combiner/i?img=/i/teamlogos/ncaa/500/2130.png&h=200&w=200
Cincinnati,http://a.espncdn.com/i/teamlogos/ncaa/500/2132.png
Clemson,http://a.espncdn.com/i/teamlogos/ncaa/500/228.png
Cleveland St.,https://a.espncdn.com/combiner/i?img=/i/teamlogos/ncaa/500/325.png&h=200&w=200
Coastal Carolina,http://a.espncdn.com/i/teamlogos/ncaa/500/324.png
Colgate,https://a.espncdn.com/combiner/i?img=/i/teamlogos/ncaa/500/2142.png&h=200&w=200
Colorado,http://a.espncdn.com/i/teamlogos/ncaa/500/38.png
Colorado St.,http://a.espncdn.com/i/teamlogos/ncaa/500/36.png
Columbia,https://a.espncdn.com/combiner/i?img=/i/teamlogos/ncaa/500/171.png&h=200&w=200
Connecticut,http://a.espncdn.com/i/teamlogos/ncaa/500/41.png
Coppin St.,https://a.espncdn.com/combiner/i?img=/i/teamlogos/ncaa/500/2154.png&h=200&w=200
Cornell,https://a.espncdn.com/combiner/i?img=/i/teamlogos/ncaa/500/172.png&h=200&w=200
Creighton,https://a.espncdn.com/combiner/i?img=/i/teamlogos/ncaa/500/156.png&h=200&w=200
CSUN,https://a.espncdn.com/combiner/i?img=/i/teamlogos/ncaa/500/2463.png&h=200&w=200
Dartmouth,https://a.espncdn.com/combiner/i?img=/i/teamlogos/ncaa/500/159.png&h=200&w=200
Davidson,https://a.espncdn.com/combiner/i?img=/i/teamlogos/ncaa/500/2166.png&h=200&w=200
Dayton,https://a.espncdn.com/combiner/i?img=/i/teamlogos/ncaa/500/2168.png&h=200&w=200
Delaware,https://a.espncdn.com/combiner/i?img=/i/teamlogos/ncaa/500/48.png&h=200&w=200
Delaware St.,https://a.espncdn.com/combiner/i?img=/i/teamlogos/ncaa/500/2169.png&h=200&w=200
Denver,https://a.espncdn.com/combiner/i?img=/i/teamlogos/ncaa/500/2172.png&h=200&w=200
DePaul,https://a.espncdn.com/combiner/i?img=/i/teamlogos/ncaa/500/305.png&h=200&w=200
Detroit Mercy,https://a.espncdn.com/combiner/i?img=/i/teamlogos/ncaa/500/2174.png&h=200&w=200
Drake,https://a.espncdn.com/combiner/i?img=/i/teamlogos/ncaa/500/2181.png&h=200&w=200
Drexel,https://a.espncdn.com/combiner/i?img=/i/teamlogos/ncaa/500/2182.png&h=200&w=200
Duke,http://a.espncdn.com/i/teamlogos/ncaa/500/150.png
Duquesne,https://a.espncdn.com/combiner/i?img=/i/teamlogos/ncaa/500/2184.png&h=200&w=200
East Carolina,http://a.espncdn.com/i/teamlogos/ncaa/500/151.png
East Tennessee St.,https://a.espncdn.com/combiner/i?img=/i/teamlogos/ncaa/500/2193.png&h=200&w=200
East Texas A&M,https://a.espncdn.com/combiner/i?img=/i/teamlogos/ncaa/500/2837.png&h=200&w=200
Eastern Illinois,https://a.espncdn.com/combiner/i?img=/i/teamlogos/ncaa/500/2197.png&h=200&w=200
Eastern Kentucky,https://a.espncdn.com/combiner/i?img=/i/teamlogos/ncaa/500/2198.png&h=200&w=200
Eastern Michigan,http://a.espncdn.com/i/teamlogos/ncaa/500/2199.png
Eastern Washington,https://a.espncdn.com/combiner/i?img=/i/teamlogos/ncaa/500/331.png&h=200&w=200
Elon,https://a.espncdn.com/combiner/i?img=/i/teamlogos/ncaa/500/2210.png&h=200&w=200
Evansville,https://a.espncdn.com/combiner/i?img=/i/teamlogos/ncaa/500/339.png&h=200&w=200
Fairfield,https://a.espncdn.com/combiner/i?img=/i/teamlogos/ncaa/500/2217.png&h=200&w=200
Fairleigh Dickinson,https://a.espncdn.com/combiner/i?img=/i/teamlogos/ncaa/500/161.png&h=200&w=200
FIU,https://a.espncdn.com/combiner/i?img=/i/teamlogos/ncaa/500/2229.png&h=200&w=200
Florida,http://a.espncdn.com/i/teamlogos/ncaa/500/57.png
Florida A&M,https://a.espncdn.com/combiner/i?img=/i/teamlogos/ncaa/500/50.png&h=200&w=200
Florida Atlantic,http://a.espncdn.com/i/teamlogos/ncaa/500/2226.png
Florida Gulf Coast,https://a.espncdn.com/combiner/i?img=/i/teamlogos/ncaa/500/526.png&h=200&w=200
Florida St.,http://a.espncdn.com/i/teamlogos/ncaa/500/52.png
Fordham,https://a.espncdn.com/combiner/i?img=/i/teamlogos/ncaa/500/2230.png&h=200&w=200
Fresno St.,http://a.espncdn.com/i/teamlogos/ncaa/500/278.png
Furman,https://a.espncdn.com/combiner/i?img=/i/teamlogos/ncaa/500/231.png&h=200&w=200
Gardner Webb,https://a.espncdn.com/combiner/i?img=/i/teamlogos/ncaa/500/2241.png&h=200&w=200
George Mason,https://a.espncdn.com/combiner/i?img=/i/teamlogos/ncaa/500/2244.png&h=200&w=200
George Washington,https://a.espncdn.com/combiner/i?img=/i/teamlogos/ncaa/500/45.png&h=200&w=200
Georgetown,https://a.espncdn.com/combiner/i?img=/i/teamlogos/ncaa/500/46.png&h=200&w=200
Georgia,http://a.espncdn.com/i/teamlogos/ncaa/500/61.png
Georgia Southern,http://a.espncdn.com/i/teamlogos/ncaa/500/290.png
Georgia St.,http://a.espncdn.com/i/teamlogos/ncaa/500/2247.png
Georgia Tech,http://a.espncdn.com/i/teamlogos/ncaa/500/59.png
Gonzaga,https://a.espncdn.com/combiner/i?img=/i/teamlogos/ncaa/500/2250.png&h=200&w=200
Grambling St.,https://a.espncdn.com/combiner/i?img=/i/teamlogos/ncaa/500/2755.png&h=200&w=200
Grand Canyon,https://a.espncdn.com/combiner/i?img=/i/teamlogos/ncaa/500/2253.png&h=200&w=200
Green Bay,https://a.espncdn.com/combiner/i?img=/i/teamlogos/ncaa/500/2739.png&h=200&w=200
Hampton,https://a.espncdn.com/combiner/i?img=/i/teamlogos/ncaa/500/2261.png&h=200&w=200
Harvard,https://a.espncdn.com/combiner/i?img=/i/teamlogos/ncaa/500/108.png&h=200&w=200
Hawaii,https://a.espncdn.com/combiner/i?img=/i/teamlogos/ncaa/500/62.png&h=200&w=200
High Point,https://a.espncdn.com/combiner/i?img=/i/teamlogos/ncaa/500/2272.png&h=200&w=200
Hofstra,https://a.espncdn.com/combiner/i?img=/i/teamlogos/ncaa/500/2275.png&h=200&w=200
Holy Cross,https://a.espncdn.com/combiner/i?img=/i/teamlogos/ncaa/500/107.png&h=200&w=200
Houston,http://a.espncdn.com/i/teamlogos/ncaa/500/248.png
Houston Christian,https://a.espncdn.com/combiner/i?img=/i/teamlogos/ncaa/500/2277.png&h=200&w=200
Howard,https://a.espncdn.com/combiner/i?img=/i/teamlogos/ncaa/500/47.png&h=200&w=200
Idaho,https://a.espncdn.com/combiner/i?img=/i/teamlogos/ncaa/500/70.png&h=200&w=200
Idaho St.,https://a.espncdn.com/combiner/i?img=/i/teamlogos/ncaa/500/304.png&h=200&w=200
Illinois,http://a.espncdn.com/i/teamlogos/ncaa/500/356.png
Illinois Chicago,https://a.espncdn.com/combiner/i?img=/i/teamlogos/ncaa/500/82.png&h=200&w=200
Illinois St.,https://a.espncdn.com/combiner/i?img=/i/teamlogos/ncaa/500/2287.png&h=200&w=200
Incarnate Word,https://a.espncdn.com/combiner/i?img=/i/teamlogos/ncaa/500/2916.png&h=200&w=200
Indiana,http://a.espncdn.com/i/teamlogos/ncaa/500/84.png
Indiana St.,https://a.espncdn.com/combiner/i?img=/i/teamlogos/ncaa/500/282.png&h=200&w=200
Iona,https://a.espncdn.com/combiner/i?img=/i/teamlogos/ncaa/500/314.png&h=200&w=200
Iowa,http://a.espncdn.com/i/teamlogos/ncaa/500/2294.png
Iowa St.,http://a.espncdn.com/i/teamlogos/ncaa/500/66.png
IU Indy,https://a.espncdn.com/combiner/i?img=/i/teamlogos/ncaa/500/85.png&h=200&w=200
Jackson St.,https://a.espncdn.com/combiner/i?img=/i/teamlogos/ncaa/500/2296.png&h=200&w=200
Jacksonville,https://a.espncdn.com/combiner/i?img=/i/teamlogos/ncaa/500/294.png&h=200&w=200
Jacksonville St.,https://a.espncdn.com/combiner/i?img=/i/teamlogos/ncaa/500/55.png&h=200&w=200
James Madison,https://a.espncdn.com/combiner/i?img=/i/teamlogos/ncaa/500/256.png&h=200&w=200
Kansas,http://a.espncdn.com/i/teamlogos/ncaa/500/2305.png
Kansas City,https://a.espncdn.com/combiner/i?img=/i/teamlogos/ncaa/500/140.png&h=200&w=200
Kansas St.,http://a.espncdn.com/i/teamlogos/ncaa/500/2306.png
Kennesaw St.,https://a.espncdn.com/combiner/i?img=/i/teamlogos/ncaa/500/338.png&h=200&w=200
Kent St.,http://a.espncdn.com/i/teamlogos/ncaa/500/2309.png
Kentucky,http://a.espncdn.com/i/teamlogos/ncaa/500/96.png
La Salle,https://a.espncdn.com/combiner/i?img=/i/teamlogos/ncaa/500/2325.png&h=200&w=200
Lafayette,https://a.espncdn.com/combiner/i?img=/i/teamlogos/ncaa/500/322.png&h=200&w=200
Lamar,https://a.espncdn.com/combiner/i?img=/i/teamlogos/ncaa/500/2320.png&h=200&w=200
Le Moyne,https://a.espncdn.com/combiner/i?img=/i/teamlogos/ncaa/500/2330.png&h=200&w=200
Lehigh,https://a.espncdn.com/combiner/i?img=/i/teamlogos/ncaa/500/2329.png&h=200&w=200
Liberty,http://a.espncdn.com/i/teamlogos/ncaa/500/2335.png
Lindenwood,https://a.espncdn.com/combiner/i?img=/i/teamlogos/ncaa/500/2815.png&h=200&w=200
Lipscomb,https://a.espncdn.com/combiner/i?img=/i/teamlogos/ncaa/500/288.png&h=200&w=200
Little Rock,https://a.espncdn.com/combiner/i?img=/i/teamlogos/ncaa/500/2031.png&h=200&w=200
LIU,https://a.espncdn.com/combiner/i?img=/i/teamlogos/ncaa/500/112358.png&h=200&w=200
Long Beach St.,https://a.espncdn.com/combiner/i?img=/i/teamlogos/ncaa/500/299.png&h=200&w=200
Longwood,https://a.espncdn.com/combiner/i?img=/i/teamlogos/ncaa/500/2344.png&h=200&w=200
Louisiana,http://a.espncdn.com/i/teamlogos/ncaa/500/309.png
Louisiana Monroe,https://a.espncdn.com/combiner/i?img=/i/teamlogos/ncaa/500/2433.png&h=200&w=200
Louisiana Tech,http://a.espncdn.com/i/teamlogos/ncaa/500/2348.png
Louisville,http://a.espncdn.com/i/teamlogos/ncaa/500/97.png
Loyola Chicago,https://a.espncdn.com/combiner/i?img=/i/teamlogos/ncaa/500/2350.png&h=200&w=200
Loyola Marymount,https://a.espncdn.com/combiner/i?img=/i/teamlogos/ncaa/500/2351.png&h=200&w=200
Loyola MD,https://a.espncdn.com/combiner/i?img=/i/teamlogos/ncaa/500/2352.png&h=200&w=200
LSU,http://a.espncdn.com/i/teamlogos/ncaa/500/99.png
Maine,https://a.espncdn.com/combiner/i?img=/i/teamlogos/ncaa/500/311.png&h=200&w=200
Manhattan,https://a.espncdn.com/combiner/i?img=/i/teamlogos/ncaa/500/2363.png&h=200&w=200
Marist,https://a.espncdn.com/combiner/i?img=/i/teamlogos/ncaa/500/2368.png&h=200&w=200
Marquette,https://a.espncdn.com/combiner/i?img=/i/teamlogos/ncaa/500/269.png&h=200&w=200
Marshall,http://a.espncdn.com/i/teamlogos/ncaa/500/276.png
Maryland,http://a.espncdn.com/i/teamlogos/ncaa/500/120.png
Maryland Eastern Shore,https://a.espncdn.com/combiner/i?img=/i/teamlogos/ncaa/500/2379.png&h=200&w=200
Massachusetts,https://a.espncdn.com/combiner/i?img=/i/teamlogos/ncaa/500/113.png&h=200&w=200
McNeese,https://a.espncdn.com/combiner/i?img=/i/teamlogos/ncaa/500/2377.png&h=200&w=200
Memphis,http://a.espncdn.com/i/teamlogos/ncaa/500/235.png
Mercer,https://a.espncdn.com/combiner/i?img=/i/teamlogos/ncaa/500/2382.png&h=200&w=200
Mercyhurst,https://a.espncdn.com/combiner/i?img=/i/teamlogos/ncaa/500/2385.png&h=200&w=200
Merrimack,https://a.espncdn.com/combiner/i?img=/i/teamlogos/ncaa/500/2771.png&h=200&w=200
Miami OH,http://a.espncdn.com/i/teamlogos/ncaa/500/193.png
Miami,http://a.espncdn.com/i/teamlogos/ncaa/500/2390.png
Michigan,http://a.espncdn.com/i/teamlogos/ncaa/500/130.png
Michigan St.,http://a.espncdn.com/i/teamlogos/ncaa/500/127.png
Middle Tennessee,http://a.espncdn.com/i/teamlogos/ncaa/500/2393.png
Milwaukee,https://a.espncdn.com/combiner/i?img=/i/teamlogos/ncaa/500/270.png&h=200&w=200
Minnesota,http://a.espncdn.com/i/teamlogos/ncaa/500/135.png
Mississippi,http://a.espncdn.com/i/teamlogos/ncaa/500/145.png
Mississippi St.,http://a.espncdn.com/i/teamlogos/ncaa/500/344.png
Mississippi Valley St.,https://a.espncdn.com/combiner/i?img=/i/teamlogos/ncaa/500/2400.png&h=200&w=200
Missouri,http://a.espncdn.com/i/teamlogos/ncaa/500/142.png
Missouri St.,https://a.espncdn.com/combiner/i?img=/i/teamlogos/ncaa/500/2623.png&h=200&w=200
Monmouth,https://a.espncdn.com/combiner/i?img=/i/teamlogos/ncaa/500/2405.png&h=200&w=200
Montana,https://a.espncdn.com/combiner/i?img=/i/teamlogos/ncaa/500/149.png&h=200&w=200
Montana St.,https://a.espncdn.com/combiner/i?img=/i/teamlogos/ncaa/500/147.png&h=200&w=200
Morehead St.,https://a.espncdn.com/combiner/i?img=/i/teamlogos/ncaa/500/2413.png&h=200&w=200
Morgan St.,https://a.espncdn.com/combiner/i?img=/i/teamlogos/ncaa/500/2415.png&h=200&w=200
Mount St. Mary's,https://a.espncdn.com/combiner/i?img=/i/teamlogos/ncaa/500/116.png&h=200&w=200
Murray St.,https://a.espncdn.com/combiner/i?img=/i/teamlogos/ncaa/500/93.png&h=200&w=200
N.C. State,http://a.espncdn.com/i/teamlogos/ncaa/500/152.png
Navy,http://a.espncdn.com/i/teamlogos/ncaa/500/2426.png
Nebraska,http://a.espncdn.com/i/teamlogos/ncaa/500/158.png
Nebraska Omaha,https://a.espncdn.com/combiner/i?img=/i/teamlogos/ncaa/500/2437.png&h=200&w=200
Nevada,http://a.espncdn.com/i/teamlogos/ncaa/500/2440.png
New Hampshire,https://a.espncdn.com/combiner/i?img=/i/teamlogos/ncaa/500/160.png&h=200&w=200
New Mexico,http://a.espncdn.com/i/teamlogos/ncaa/500/167.png
New Mexico St.,http://a.espncdn.com/i/teamlogos/ncaa/500/166.png
New Orleans,https://a.espncdn.com/combiner/i?img=/i/teamlogos/ncaa/500/2443.png&h=200&w=200
Niagara,https://a.espncdn.com/combiner/i?img=/i/teamlogos/ncaa/500/315.png&h=200&w=200
Nicholls,https://a.espncdn.com/combiner/i?img=/i/teamlogos/ncaa/500/2447.png&h=200&w=200
NJIT,https://a.espncdn.com/combiner/i?img=/i/teamlogos/ncaa/500/2885.png&h=200&w=200
Norfolk St.,https://a.espncdn.com/combiner/i?img=/i/teamlogos/ncaa/500/2450.png&h=200&w=200
North Alabama,https://a.espncdn.com/combiner/i?img=/i/teamlogos/ncaa/500/2453.png&h=200&w=200
North Carolina,http://a.espncdn.com/i/teamlogos/ncaa/500/153.png
North Carolina A&T,https://a.espncdn.com/combiner/i?img=/i/teamlogos/ncaa/500/2448.png&h=200&w=200
North Carolina Central,https://a.espncdn.com/combiner/i?img=/i/teamlogos/ncaa/500/2428.png&h=200&w=200
North Dakota,https://a.espncdn.com/combiner/i?img=/i/teamlogos/ncaa/500/155.png&h=200&w=200
North Dakota St.,https://a.espncdn.com/combiner/i?img=/i/teamlogos/ncaa/500/2449.png&h=200&w=200
North Florida,https://a.espncdn.com/combiner/i?img=/i/teamlogos/ncaa/500/2454.png&h=200&w=200
North Texas,http://a.espncdn.com/i/teamlogos/ncaa/500/249.png
Northeastern,https://a.espncdn.com/combiner/i?img=/i/teamlogos/ncaa/500/111.png&h=200&w=200
Northern Arizona,https://a.espncdn.com/combiner/i?img=/i/teamlogos/ncaa/500/2464.png&h=200&w=200
Northern Colorado,https://a.espncdn.com/combiner/i?img=/i/teamlogos/ncaa/500/2458.png&h=200&w=200
Northern Illinois,http://a.espncdn.com/i/teamlogos/ncaa/500/2459.png
Northern Iowa,https://a.espncdn.com/combiner/i?img=/i/teamlogos/ncaa/500/2460.png&h=200&w=200
Northern Kentucky,https://a.espncdn.com/combiner/i?img=/i/teamlogos/ncaa/500/94.png&h=200&w=200
Northwestern,http://a.espncdn.com/i/teamlogos/ncaa/500/77.png
Northwestern St.,https://a.espncdn.com/combiner/i?img=/i/teamlogos/ncaa/500/2466.png&h=200&w=200
Notre Dame,http://a.espncdn.com/i/teamlogos/ncaa/500/87.png
Oakland,https://a.espncdn.com/combiner/i?img=/i/teamlogos/ncaa/500/2473.png&h=200&w=200
Ohio,http://a.espncdn.com/i/teamlogos/ncaa/500/195.png
Ohio St.,http://a.espncdn.com/i/teamlogos/ncaa/500/194.png
Oklahoma,http://a.espncdn.com/i/teamlogos/ncaa/500/201.png
Oklahoma St.,http://a.espncdn.com/i/teamlogos/ncaa/500/197.png
Old Dominion,http://a.espncdn.com/i/teamlogos/ncaa/500/295.png
Oral Roberts,https://a.espncdn.com/combiner/i?img=/i/teamlogos/ncaa/500/198.png&h=200&w=200
Oregon,http://a.espncdn.com/i/teamlogos/ncaa/500/2483.png
Oregon St.,http://a.espncdn.com/i/teamlogos/ncaa/500/204.png
Pacific,https://a.espncdn.com/combiner/i?img=/i/teamlogos/ncaa/500/279.png&h=200&w=200
Penn,https://a.espncdn.com/combiner/i?img=/i/teamlogos/ncaa/500/219.png&h=200&w=200
Penn St.,http://a.espncdn.com/i/teamlogos/ncaa/500/213.png
Pepperdine,https://a.espncdn.com/combiner/i?img=/i/teamlogos/ncaa/500/2492.png&h=200&w=200
Pittsburgh,http://a.espncdn.com/i/teamlogos/ncaa/500/221.png
Portland,https://a.espncdn.com/combiner/i?img=/i/teamlogos/ncaa/500/2501.png&h=200&w=200
Portland St.,https://a.espncdn.com/combiner/i?img=/i/teamlogos/ncaa/500/2502.png&h=200&w=200
Prairie View A&M,https://a.espncdn.com/combiner/i?img=/i/teamlogos/ncaa/500/2504.png&h=200&w=200
Presbyterian,https://a.espncdn.com/combiner/i?img=/i/teamlogos/ncaa/500/2506.png&h=200&w=200
Princeton,https://a.espncdn.com/combiner/i?img=/i/teamlogos/ncaa/500/163.png&h=200&w=200
Providence,https://a.espncdn.com/combiner/i?img=/i/teamlogos/ncaa/500/2507.png&h=200&w=200
Purdue,http://a.espncdn.com/i/teamlogos/ncaa/500/2509.png
Purdue Fort Wayne,https://a.espncdn.com/combiner/i?img=/i/teamlogos/ncaa/500/2870.png&h=200&w=200
Queens,https://a.espncdn.com/combiner/i?img=/i/teamlogos/ncaa/500/2511.png&h=200&w=200
Quinnipiac,https://a.espncdn.com/combiner/i?img=/i/teamlogos/ncaa/500/27.png&h=200&w=200
Radford,https://a.espncdn.com/combiner/i?img=/i/teamlogos/ncaa/500/2515.png&h=200&w=200
Rhode Island,https://a.espncdn.com/combiner/i?img=/i/teamlogos/ncaa/500/227.png&h=200&w=200
Rice,http://a.espncdn.com/i/teamlogos/ncaa/500/242.png
Richmond,https://a.espncdn.com/combiner/i?img=/i/teamlogos/ncaa/500/257.png&h=200&w=200
Rider,https://a.espncdn.com/combiner/i?img=/i/teamlogos/ncaa/500/2520.png&h=200&w=200
Robert Morris,https://a.espncdn.com/combiner/i?img=/i/teamlogos/ncaa/500/2523.png&h=200&w=200
Rutgers,http://a.espncdn.com/i/teamlogos/ncaa/500/164.png
Sacramento St.,https://a.espncdn.com/combiner/i?img=/i/teamlogos/ncaa/500/16.png&h=200&w=200
Sacred Heart,https://a.espncdn.com/combiner/i?img=/i/teamlogos/ncaa/500/2529.png&h=200&w=200
Saint Francis,https://a.espncdn.com/combiner/i?img=/i/teamlogos/ncaa/500/2598.png&h=200&w=200
Saint Joseph's,https://a.espncdn.com/combiner/i?img=/i/teamlogos/ncaa/500/2603.png&h=200&w=200
Saint Louis,https://a.espncdn.com/combiner/i?img=/i/teamlogos/ncaa/500/139.png&h=200&w=200
Saint Mary's,https://a.espncdn.com/combiner/i?img=/i/teamlogos/ncaa/500/2608.png&h=200&w=200
Saint Peter's,https://a.espncdn.com/combiner/i?img=/i/teamlogos/ncaa/500/2612.png&h=200&w=200
Sam Houston St.,https://a.espncdn.com/combiner/i?img=/i/teamlogos/ncaa/500/2534.png&h=200&w=200
Samford,https://a.espncdn.com/combiner/i?img=/i/teamlogos/ncaa/500/2535.png&h=200&w=200
San Diego,https://a.espncdn.com/combiner/i?img=/i/teamlogos/ncaa/500/301.png&h=200&w=200
San Diego St.,http://a.espncdn.com/i/teamlogos/ncaa/500/21.png
San Francisco,https://a.espncdn.com/combiner/i?img=/i/teamlogos/ncaa/500/2539.png&h=200&w=200
San Jose St.,https://a.espncdn.com/combiner/i?img=/i/teamlogos/ncaa/500/23.png&h=200&w=200
Santa Clara,https://a.espncdn.com/combiner/i?img=/i/teamlogos/ncaa/500/2541.png&h=200&w=200
Seattle,https://a.espncdn.com/combiner/i?img=/i/teamlogos/ncaa/500/2547.png&h=200&w=200
Seton Hall,https://a.espncdn.com/combiner/i?img=/i/teamlogos/ncaa/500/2550.png&h=200&w=200
Siena,https://a.espncdn.com/combiner/i?img=/i/teamlogos/ncaa/500/2561.png&h=200&w=200
SIUE,https://a.espncdn.com/combiner/i?img=/i/teamlogos/ncaa/500/2565.png&h=200&w=200
SMU,http://a.espncdn.com/i/teamlogos/ncaa/500/2567.png
South Alabama,http://a.espncdn.com/i/teamlogos/ncaa/500/6.png
South Carolina,http://a.espncdn.com/i/teamlogos/ncaa/500/2579.png
South Carolina St.,https://a.espncdn.com/combiner/i?img=/i/teamlogos/ncaa/500/2569.png&h=200&w=200
South Dakota,https://a.espncdn.com/combiner/i?img=/i/teamlogos/ncaa/500/233.png&h=200&w=200
South Dakota St.,https://a.espncdn.com/combiner/i?img=/i/teamlogos/ncaa/500/2571.png&h=200&w=200
South Florida,http://a.espncdn.com/i/teamlogos/ncaa/500/58.png
Southeast Missouri,https://a.espncdn.com/combiner/i?img=/i/teamlogos/ncaa/500/2546.png&h=200&w=200
Southeastern Louisiana,https://a.espncdn.com/combiner/i?img=/i/teamlogos/ncaa/500/2545.png&h=200&w=200
Southern,https://a.espncdn.com/combiner/i?img=/i/teamlogos/ncaa/500/2582.png&h=200&w=200
Southern Illinois,https://a.espncdn.com/combiner/i?img=/i/teamlogos/ncaa/500/79.png&h=200&w=200
Southern Indiana,https://a.espncdn.com/combiner/i?img=/i/teamlogos/ncaa/500/88.png&h=200&w=200
Southern Miss,http://a.espncdn.com/i/teamlogos/ncaa/500/2572.png
Southern Utah,https://a.espncdn.com/combiner/i?img=/i/teamlogos/ncaa/500/253.png&h=200&w=200
St. Bonaventure,https://a.espncdn.com/combiner/i?img=/i/teamlogos/ncaa/500/179.png&h=200&w=200
St. John's,https://a.espncdn.com/combiner/i?img=/i/teamlogos/ncaa/500/2599.png&h=200&w=200
St. Thomas,https://a.espncdn.com/combiner/i?img=/i/teamlogos/ncaa/500/2900.png&h=200&w=200
Stanford,http://a.espncdn.com/i/teamlogos/ncaa/500/24.png
Stephen F. Austin,https://a.espncdn.com/combiner/i?img=/i/teamlogos/ncaa/500/2617.png&h=200&w=200
Stetson,https://a.espncdn.com/combiner/i?img=/i/teamlogos/ncaa/500/56.png&h=200&w=200
Stonehill,https://a.espncdn.com/combiner/i?img=/i/teamlogos/ncaa/500/284.png&h=200&w=200
Stony Brook,https://a.espncdn.com/combiner/i?img=/i/teamlogos/ncaa/500/2619.png&h=200&w=200
Syracuse,http://a.espncdn.com/i/teamlogos/ncaa/500/183.png
Tarleton St.,https://a.espncdn.com/combiner/i?img=/i/teamlogos/ncaa/500/2627.png&h=200&w=200
TCU,http://a.espncdn.com/i/teamlogos/ncaa/500/2628.png
Temple,http://a.espncdn.com/i/teamlogos/ncaa/500/218.png
Tennessee,http://a.espncdn.com/i/teamlogos/ncaa/500/2633.png
Tennessee Martin,https://a.espncdn.com/combiner/i?img=/i/teamlogos/ncaa/500/2630.png&h=200&w=200
Tennessee St.,https://a.espncdn.com/combiner/i?img=/i/teamlogos/ncaa/500/2634.png&h=200&w=200
Tennessee Tech,https://a.espncdn.com/combiner/i?img=/i/teamlogos/ncaa/500/2635.png&h=200&w=200
Texas,http://a.espncdn.com/i/teamlogos/ncaa/500/251.png
Texas A&M,http://a.espncdn.com/i/teamlogos/ncaa/500/245.png
Texas A&M Corpus Chris,https://a.espncdn.com/combiner/i?img=/i/teamlogos/ncaa/500/357.png&h=200&w=200
Texas Southern,https://a.espncdn.com/combiner/i?img=/i/teamlogos/ncaa/500/2640.png&h=200&w=200
Texas St.,http://a.espncdn.com/i/teamlogos/ncaa/500/326.png
Texas Tech,http://a.espncdn.com/i/teamlogos/ncaa/500/2641.png
The Citadel,https://a.espncdn.com/combiner/i?img=/i/teamlogos/ncaa/500/2643.png&h=200&w=200
Toledo,http://a.espncdn.com/i/teamlogos/ncaa/500/2649.png
Towson,https://a.espncdn.com/combiner/i?img=/i/teamlogos/ncaa/500/119.png&h=200&w=200
Troy,http://a.espncdn.com/i/teamlogos/ncaa/500/2653.png
Tulane,http://a.espncdn.com/i/teamlogos/ncaa/500/2655.png
Tulsa,http://a.espncdn.com/i/teamlogos/ncaa/500/202.png
UAB,http://a.espncdn.com/i/teamlogos/ncaa/500/5.png
UC Davis,https://a.espncdn.com/combiner/i?img=/i/teamlogos/ncaa/500/302.png&h=200&w=200
UC Irvine,https://a.espncdn.com/combiner/i?img=/i/teamlogos/ncaa/500/300.png&h=200&w=200
UC Riverside,https://a.espncdn.com/combiner/i?img=/i/teamlogos/ncaa/500/27.png&h=200&w=200
UC San Diego,https://a.espncdn.com/combiner/i?img=/i/teamlogos/ncaa/500/28.png&h=200&w=200
UC Santa Barbara,https://a.espncdn.com/combiner/i?img=/i/teamlogos/ncaa/500/2540.png&h=200&w=200
UCF,http://a.espncdn.com/i/teamlogos/ncaa/500/2116.png
UCLA,http://a.espncdn.com/i/teamlogos/ncaa/500/26.png
UMass Lowell,https://a.espncdn.com/combiner/i?img=/i/teamlogos/ncaa/500/2349.png&h=200&w=200
UMBC,https://a.espncdn.com/combiner/i?img=/i/teamlogos/ncaa/500/2378.png&h=200&w=200
UNC Asheville,https://a.espncdn.com/combiner/i?img=/i/teamlogos/ncaa/500/2427.png&h=200&w=200
UNC Greensboro,https://a.espncdn.com/combiner/i?img=/i/teamlogos/ncaa/500/2430.png&h=200&w=200
UNC Wilmington,https://a.espncdn.com/combiner/i?img=/i/teamlogos/ncaa/500/350.png&h=200&w=200
UNLV,http://a.espncdn.com/i/teamlogos/ncaa/500/2439.png
USC,http://a.espncdn.com/i/teamlogos/ncaa/500/30.png
USC Upstate,https://a.espncdn.com/combiner/i?img=/i/teamlogos/ncaa/500/2908.png&h=200&w=200
UT Arlington,https://a.espncdn.com/combiner/i?img=/i/teamlogos/ncaa/500/250.png&h=200&w=200
UT Rio Grande Valley,https://a.espncdn.com/combiner/i?img=/i/teamlogos/ncaa/500/292.png&h=200&w=200
Utah,http://a.espncdn.com/i/teamlogos/ncaa/500/254.png
Utah St.,http://a.espncdn.com/i/teamlogos/ncaa/500/328.png
Utah Tech,https://a.espncdn.com/combiner/i?img=/i/teamlogos/ncaa/500/3101.png&h=200&w=200
Utah Valley,https://a.espncdn.com/combiner/i?img=/i/teamlogos/ncaa/500/3084.png&h=200&w=200
UTEP,http://a.espncdn.com/i/teamlogos/ncaa/500/2638.png
UTSA,https://a.espncdn.com/combiner/i?img=/i/teamlogos/ncaa/500/2636.png&h=200&w=200
Valparaiso,https://a.espncdn.com/combiner/i?img=/i/teamlogos/ncaa/500/2674.png&h=200&w=200
Vanderbilt,http://a.espncdn.com/i/teamlogos/ncaa/500/238.png
VCU,https://a.espncdn.com/combiner/i?img=/i/teamlogos/ncaa/500/2670.png&h=200&w=200
Vermont,https://a.espncdn.com/combiner/i?img=/i/teamlogos/ncaa/500/261.png&h=200&w=200
Villanova,https://a.espncdn.com/combiner/i?img=/i/teamlogos/ncaa/500/222.png&h=200&w=200
Virginia,http://a.espncdn.com/i/teamlogos/ncaa/500/258.png
Virginia Tech,http://a.espncdn.com/i/teamlogos/ncaa/500/259.png
VMI,https://a.espncdn.com/combiner/i?img=/i/teamlogos/ncaa/500/2678.png&h=200&w=200
Wagner,https://a.espncdn.com/combiner/i?img=/i/teamlogos/ncaa/500/2681.png&h=200&w=200
Wake Forest,http://a.espncdn.com/i/teamlogos/ncaa/500/154.png
Washington,http://a.espncdn.com/i/teamlogos/ncaa/500/264.png
Washington St.,http://a.espncdn.com/i/teamlogos/ncaa/500/265.png
Weber St.,https://a.espncdn.com/combiner/i?img=/i/teamlogos/ncaa/500/2692.png&h=200&w=200
West Georgia,https://a.espncdn.com/combiner/i?img=/i/teamlogos/ncaa/500/2698.png&h=200&w=200
West Virginia,http://a.espncdn.com/i/teamlogos/ncaa/500/277.png
Western Carolina,https://a.espncdn.com/combiner/i?img=/i/teamlogos/ncaa/500/2717.png&h=200&w=200
Western Illinois,https://a.espncdn.com/combiner/i?img=/i/teamlogos/ncaa/500/2710.png&h=200&w=200
Western Kentucky,http://a.espncdn.com/i/teamlogos/ncaa/500/98.png
Western Michigan,http://a.espncdn.com/i/teamlogos/ncaa/500/2711.png
Wichita St.,https://a.espncdn.com/combiner/i?img=/i/teamlogos/ncaa/500/2724.png&h=200&w=200
William & Mary,https://a.espncdn.com/combiner/i?img=/i/teamlogos/ncaa/500/2729.png&h=200&w=200
Winthrop,https://a.espncdn.com/combiner/i?img=/i/teamlogos/ncaa/500/2737.png&h=200&w=200
Wisconsin,http://a.espncdn.com/i/teamlogos/ncaa/500/275.png
Wofford,https://a.espncdn.com/combiner/i?img=/i/teamlogos/ncaa/500/2747.png&h=200&w=200
Wright St.,https://a.espncdn.com/combiner/i?img=/i/teamlogos/ncaa/500/2750.png&h=200&w=200
Wyoming,http://a.espncdn.com/i/teamlogos/ncaa/500/2751.png
Xavier,https://a.espncdn.com/combiner/i?img=/i/teamlogos/ncaa/500/2752.png&h=200&w=200
Yale,https://a.espncdn.com/combiner/i?img=/i/teamlogos/ncaa/500/43.png&h=200&w=200
Youngstown St.,https://a.espncdn.com/combiner/i?img=/i/teamlogos/ncaa/500/2754.png&h=200&w=200

